start	https://dodropshipping.com/dropshipping-guide/
start	https://dodropshipping.com/dropshipping-for-beginners/
start	https://www.zendrop.com/blog/dropshipping-for-beginners/
start	https://www.shopify.com/blog/how-to-start-dropshipping
suppliers	https://www.salehoo.com/learn/aliexpress-alternatives
suppliers	https://cjdropshipping.com/blogs/cj-news/Zendrop-or-CJdropshipping
suppliers	https://www.dropship.io/blog/best-dropshipping-websites
suppliers	https://www.doba.com/blog/dropshipping-platforms/others/best-autods-alternatives-top-7-dropshipping-automation-tools-39656
suppliers	https://www.spocket.co/blogs/shopify-dropshipping
suppliers	https://www.spocket.co/blogs/finding-reliable-dropshipping-suppliers
suppliers	https://www.spocket.co/blogs/how-to-start-a-dropshipping-business-with-us-suppliers
suppliers	https://dodropshipping.com/dropshipping-suppliers/
suppliers	https://dodropshipping.com/aliexpress-dropshipping/
suppliers	https://www.autods.com/blog/dropshipping-suppliers/
products	https://dodropshipping.com/what-is-a-winning-dropshipping-product/
products	https://www.autods.com/blog/product-finding/amazon-dropshipping-products-research/
products	https://www.autods.com/blog/dropshipping-tips-strategies/trending-products-for-dropshipping/
products	https://www.autods.com/blog/product-finding/product-research-tools/
products	https://www.zendrop.com/blog/dropshipping-products-with-high-profit-margin/
products	https://dodropshipping.com/dropshipping-niches/
products	https://dodropshipping.com/best-dropshipping-products/
money	https://dodropshipping.com/dropshipping-taxes/
money	https://dodropshipping.com/dropshipping-profit-margin/
money	https://www.shopify.com/blog/dropshipping-taxes
eu-tax	https://europa.eu/youreurope/business/taxation/vat/one-stop-shop/index_en.htm
brand	https://www.zendrop.com/blog/what-is-private-label/
brand	https://www.zendrop.com/blog/private-label-manufacturers/
brand	https://dodropshipping.com/dropshipping-vs-print-on-demand/
brand	https://www.shopify.com/blog/print-on-demand-vs-dropshipping
mistakes	https://dodropshipping.com/dropshipping-mistakes/
mistakes	https://www.shopify.com/blog/dropshipping-niches
marketing	https://dodropshipping.com/dropshipping-marketing/
marketing	https://www.shopify.com/blog/tiktok-ads
marketing	https://www.shopify.com/blog/influencer-marketing
marketing	https://www.autods.com/blog/facebook-ads-dropshipping/
eu-tax	https://europa.eu/youreurope/business/taxation/vat/vat-rules-rates/index_en.htm
suppliers	https://www.spocket.co/blogs/dropshipping-suppliers
